<?xml version="1.0" encoding="UTF-8"?>
<beans xmlns="http://www.springframework.org/schema/beans"
	xmlns:context="http://www.springframework.org/schema/context"
	xmlns:xsi="http://www.w3.org/2001/XMLSchema-instance"
	xmlns:mvc="http://www.springframework.org/schema/mvc" 
	xsi:schemaLocation="http://www.springframework.org/schema/beans 
	http://www.springframework.org/schema/beans/spring-beans-3.0.xsd 
	http://www.springframework.org/schema/context 
	http://www.springframework.org/schema/context/spring-context-3.0.xsd
	http://www.springframework.org/schema/mvc
	http://www.springframework.org/schema/mvc/spring-mvc.xsd
	">
	
	<mvc:annotation-driven/>
	<mvc:resources location="/img/" mapping="/img/**"/>
	<mvc:resources location="/css/" mapping="/css/**"/>
	<mvc:resources location="/js/" mapping="/js/**"/>
	<mvc:resources location="/fonts/" mapping="/fonts/**"/>
	

	<context:component-scan base-package="winder.controller" />

	<bean id="viewResolver"
      class="org.springframework.web.servlet.view.UrlBasedViewResolver">
   	 <property name="viewClass" value="org.springframework.web.servlet.view.JstlView"/>
   	 <property name="prefix" value="/WEB-INF/jsp/"/>
   	 <property name="suffix" value=".jsp"/>

	</bean>
	
</beans>









